{"cameraMode":{"drawMode":0,"name":"Shaded","section":"Shading Mode"},"sceneLighting":false,"audioPlay":false,"sceneViewState":{"m_AlwaysRefresh":false,"showFog":true,"showSkybox":true,"showFlares":true,"showImageEffects":true,"showParticleSystems":true,"showVisualEffectGraphs":true,"m_FxEnabled":true},"in2DMode":false,"pivot":{"x":1.2494139671325684,"y":-0.7773871421813965,"z":0.4833507537841797},"rotation":{"x":0.1153964176774025,"y":-0.14988909661769868,"z":0.01761779934167862,"w":0.9817882776260376},"size":10.44078540802002,"orthographic":false}