{"cameraMode":{"drawMode":0,"name":"Shaded","section":"Shading Mode"},"sceneLighting":false,"audioPlay":false,"sceneViewState":{"m_AlwaysRefresh":false,"showFog":true,"showSkybox":true,"showFlares":true,"showImageEffects":true,"showParticleSystems":true,"showVisualEffectGraphs":true,"m_FxEnabled":true},"in2DMode":false,"pivot":{"x":-0.5544953346252441,"y":0.4735872149467468,"z":0.08196258544921875},"rotation":{"x":0.017856502905488015,"y":-0.1256459653377533,"z":0.002262256806716323,"w":0.9919106364250183},"size":7.483487129211426,"orthographic":false}