{"cameraMode":{"drawMode":0,"name":"Shaded","section":"Shading Mode"},"sceneLighting":false,"audioPlay":false,"sceneViewState":{"m_AlwaysRefresh":false,"showFog":true,"showSkybox":true,"showFlares":true,"showImageEffects":true,"showParticleSystems":true,"showVisualEffectGraphs":true,"m_FxEnabled":true},"in2DMode":false,"pivot":{"x":0.9671764373779297,"y":-3.6489009857177736,"z":-3.8548169136047365},"rotation":{"x":-0.11015764623880387,"y":-0.6043685674667358,"z":0.08485841006040573,"w":-0.7845147848129273},"size":10.793742179870606,"orthographic":false}