{"cameraMode":{"drawMode":0,"name":"Shaded","section":"Shading Mode"},"sceneLighting":false,"audioPlay":false,"sceneViewState":{"m_AlwaysRefresh":false,"showFog":true,"showSkybox":true,"showFlares":true,"showImageEffects":true,"showParticleSystems":true,"showVisualEffectGraphs":true,"m_FxEnabled":true},"in2DMode":false,"pivot":{"x":-0.21790790557861329,"y":4.690801620483398,"z":0.5634288787841797},"rotation":{"x":-0.014744904823601246,"y":-0.1834343522787094,"z":-0.002751580672338605,"w":0.9829198718070984},"size":10.44078540802002,"orthographic":false}